id,observed_on_string,user_login,url,Overall,Advanced
260681,"2013-05-09, 4 PM",wingedwolfpsion,http://www.inaturalist.org/observations/260681,4,4
637203,20-04-14 17:14,lfelliott,http://www.inaturalist.org/observations/637203,3,3
647628,28-04-14 10:22,mossman2000,http://www.inaturalist.org/observations/647628,2,3
722362,"June 7, 2014 1:25:35 PM EDT",mossman2000,http://www.inaturalist.org/observations/722362,5,5
1290483,13-03-15,sambiology,http://www.inaturalist.org/observations/1290483,3,4
1335751,19-03-15,tchristensen,http://www.inaturalist.org/observations/1335751,4,4
1359597,02-04-15,sambiology,http://www.inaturalist.org/observations/1359597,4,5
1388870,12-04-15 11:22,lfelliott,http://www.inaturalist.org/observations/1388870,2,3
2779623,09-03-16,shstuddard,http://www.inaturalist.org/observations/2779623,2,3
2782114,2016-03-14 11:48:26 AM EDT,shstuddard,http://www.inaturalist.org/observations/2782114,3,4
2782207,2016-03-14 10:57:37 AM EDT,shstuddard,http://www.inaturalist.org/observations/2782207,1,2
2782250,2016-03-14 11:03:23 AM EDT,shstuddard,http://www.inaturalist.org/observations/2782250,2,3
2783402,2016-03-14 6:59:27 PM EDT,mossman2000,http://www.inaturalist.org/observations/2783402,2,2
2790681,2016-03-16 2:11:57 PM EDT,rmedina,http://www.inaturalist.org/observations/2790681,2,2
2799425,2016-03-15 11:28:46 AM EDT,shstuddard,http://www.inaturalist.org/observations/2799425,3,4
2800168,2016-03-18 6:14:24 PM EDT,shstuddard,http://www.inaturalist.org/observations/2800168,3,3
2803019,2016-03-19 10:54:31 AM EDT,shstuddard,http://www.inaturalist.org/observations/2803019,3,4
2809042,2016-03-20 2:35:38 PM EDT,shstuddard,http://www.inaturalist.org/observations/2809042,3,3
2811042,2016-03-20 2:54:02 PM EDT,shstuddard,http://www.inaturalist.org/observations/2811042,3,3
2816401,Tue Mar 22 2016 10:36:41 GMT-0400 (EDT),pat0630,http://www.inaturalist.org/observations/2816401,2,3
2873149,03-04-16,lfelliott,http://www.inaturalist.org/observations/2873149,3,4
2876795,2016-04-03 12:45:41 PM EDT,shstuddard,http://www.inaturalist.org/observations/2876795,3,4
2891574,2016-04-06 4:47:14 PM EDT,shstuddard,http://www.inaturalist.org/observations/2891574,3,5
2905056,20-03-16 12:28,shstuddard,http://www.inaturalist.org/observations/2905056,2,5
3083150,Mon May 02 2016 15:55:31 GMT-0500 (CDT),mockingbird75067,http://www.inaturalist.org/observations/3083150,5,5
3385750,2016-06-04 9:16:11 AM EDT,rmedina,http://www.inaturalist.org/observations/3385750,4,5
5071455,2017-02-07 1:53:08 PM CST,kimberlietx,https://www.inaturalist.org/observations/5071455,3,3
5156419,19-02-17 16:10,connlindajo,https://www.inaturalist.org/observations/5156419,2,3
5481609,Sun Mar 26 2017 12:28:00 GMT-0500 (CDT),coreyjlange,https://www.inaturalist.org/observations/5481609,2,3
5544892,2017/04/02 2:30 PM CDT,ewarden,https://www.inaturalist.org/observations/5544892,2,3
5601233,2017-04-07 12:08:57 PM CDT,rmedina,https://www.inaturalist.org/observations/5601233,3,3
5792109,2017-04-16 12:57:09 PM CDT,rmedina,https://www.inaturalist.org/observations/5792109,2,3
5994869,Fri Apr 28 2017 09:34:56 GMT-0500 (CDT),jaejae,https://www.inaturalist.org/observations/5994869,4,4
5994962,Fri Apr 28 2017 09:43:14 GMT-0500 (CDT),alk_624,https://www.inaturalist.org/observations/5994962,3,4
6009809,Sat Apr 29 2017 14:03:43 GMT-0400 (EDT),kazimir,https://www.inaturalist.org/observations/6009809,3,3
8459820,2017/05/10 9:17 AM CDT,tamandua2,https://www.inaturalist.org/observations/8459820,4,5
10161655,2018/03/09 1:45 PM CST,bosqueaaron,https://www.inaturalist.org/observations/10161655,2,3
10265344,Fri Mar 16 2018 18:22:36 GMT-0500 (CDT),tylermowery,https://www.inaturalist.org/observations/10265344,2,3
10384662,2018/03/23 4:07 PM EDT,ash2016,https://www.inaturalist.org/observations/10384662,4,5
10403311,Fri Mar 23 2018 18:59:56 GMT-0400 (EDT),epusch,https://www.inaturalist.org/observations/10403311,3,3
10526933,Sat Mar 31 2018 12:01:32 GMT-0400 (EDT),eglaeser,https://www.inaturalist.org/observations/10526933,3,4
10566744,2018/04/02 11:31 AM HST,grzegorzgrzejszczak,https://www.inaturalist.org/observations/10566744,2,3
10571397,Mon Apr 02 2018 11:43:02 GMT-0400 (EDT),lzheng,https://www.inaturalist.org/observations/10571397,3,3
10589185,2018/03/30 10:01 AM CEST,jeremybarker,https://www.inaturalist.org/observations/10589185,2,3
10627562,Wed Apr 04 2018 12:55:56 GMT-0400 (EDT),jtuttle,https://www.inaturalist.org/observations/10627562,3,4
10711097,Sat Mar 10 2018 11:42:03 GMT-0600 (CST),erica1024,https://www.inaturalist.org/observations/10711097,3,4
10712145,2018/03/10 11:42 AM CST,colemank,https://www.inaturalist.org/observations/10712145,3,4
10915416,2018-04-14 1:39:12 PM CDT,bouteloua,https://www.inaturalist.org/observations/10915416,3,4
10974671,2018/04/15 5:14 PM HST,grzegorzgrzejszczak,https://www.inaturalist.org/observations/10974671,2,3
11285637,25-03-18 11:29,belinda,https://www.inaturalist.org/observations/11285637,2,3
11343982,Sun Apr 22 2018 20:07:37 GMT-0400 (EDT),diesel13,https://www.inaturalist.org/observations/11343982,3,3
11395662,Tue Apr 24 2018 13:28:09 GMT-0400 (EDT),danielatha,https://www.inaturalist.org/observations/11395662,2,3
11601559,Sat Apr 28 2018 09:01:18 GMT-0500 (CDT),apmunoz,https://www.inaturalist.org/observations/11601559,2,3
11670303,2018/04/28 9:55 AM EDT,calopteryx,https://www.inaturalist.org/observations/11670303,2,3
11676932,2018/04/28 3:50 PM EDT,wdvanhem,https://www.inaturalist.org/observations/11676932,3,3
11678991,2018-04-28 6:03:04 PM EDT,caedocyon,https://www.inaturalist.org/observations/11678991,4,5
11788729,2018-04-29 4:20:00 PM EDT,ajalat,https://www.inaturalist.org/observations/11788729,2,3
11946371,2018/04/30 7:23 PM EDT,stephanieoberle,https://www.inaturalist.org/observations/11946371,2,3
12221281,Sat May 05 2018 13:03:50 GMT-0500 (CDT),sarahhubert,https://www.inaturalist.org/observations/12221281,2,3
15970259,Fri May 11 2018 09:30:08 GMT-0400 (EDT),t_knight,https://www.inaturalist.org/observations/15970259,3,3
16375805,Fri Sep 07 2018 14:24:57 GMT-0400 (EDT),caseysmith,https://www.inaturalist.org/observations/16375805,5,5
19914954,25-01-19,karenandphillip,https://www.inaturalist.org/observations/19914954,3,4
19940156,2019-01-07 4:04:34 PM CST,jacobshirley,https://www.inaturalist.org/observations/19940156,2,3
19991223,2019-01-31 12:06:45 PM CST,adiamond,https://www.inaturalist.org/observations/19991223,2,3
20131994,Tue Feb 05 2019 10:00:03 GMT-0600 (CST),ivan206,https://www.inaturalist.org/observations/20131994,3,3
20138698,Tue Feb 05 2019 15:56:42 GMT-0600 (CST),daniacervantes,https://www.inaturalist.org/observations/20138698,3,4
20161332,Wed Feb 06 2019 13:40:29 GMT-0600 (CST),lichenhunter,https://www.inaturalist.org/observations/20161332,2,3
20163916,Wed Feb 06 2019 15:24:08 GMT-0600 (CST),lichenhunter,https://www.inaturalist.org/observations/20163916,2,3
20168361,2019-02-06 10:12:16 AM EST,kkeivit,https://www.inaturalist.org/observations/20168361,2,3
20170938,2019-02-06 7:52:47 PM CST,aedwards,https://www.inaturalist.org/observations/20170938,2,3
20181444,Wed Feb 06 2019 15:52:23 GMT-0600 (CST),kathrynwells333,https://www.inaturalist.org/observations/20181444,2,3
20182115,Thu Feb 07 2019 09:24:56 GMT-0500 (EST),face1,https://www.inaturalist.org/observations/20182115,2,3
20190756,Thu Feb 07 2019 13:00:49 GMT-0600 (CST),trichomanes,https://www.inaturalist.org/observations/20190756,2,3
20199513,Thu Feb 07 2019 16:49:02 GMT-0600 (CST),lichenhunter,https://www.inaturalist.org/observations/20199513,2,3
20206426,07-02-19,karenandphillip,https://www.inaturalist.org/observations/20206426,3,5
20240918,2019-02-09 4:01:03 PM CST,adiamond,https://www.inaturalist.org/observations/20240918,2,3
20241157,Fri Feb 08 2019 17:10:35 GMT-0600 (CST),eric_shows,https://www.inaturalist.org/observations/20241157,2,3
20244400,2019/02/09 10:22 AM EST,johnjschenk,https://www.inaturalist.org/observations/20244400,3,4
20244401,2019/02/09 10:22 AM EST,johnjschenk,https://www.inaturalist.org/observations/20244401,4,4
20244402,2019/02/09 10:22 AM EST,johnjschenk,https://www.inaturalist.org/observations/20244402,1,3
20244403,2019/02/09 10:24 AM EST,johnjschenk,https://www.inaturalist.org/observations/20244403,3,4
20264274,2019-02-10 11:27:15 AM CST,adiamond,https://www.inaturalist.org/observations/20264274,3,3
20272390,2019/02/09 3:01 PM CST,bjkauffman,https://www.inaturalist.org/observations/20272390,2,2
20277533,Tue Feb 05 2019 11:19:31 GMT-0600 (CST),ossifrage,https://www.inaturalist.org/observations/20277533,2,3
20289223,2019-02-11 4:42:53 PM CST,adiamond,https://www.inaturalist.org/observations/20289223,3,3
20310729,2019-02-12 5:54:27 PM CST,lichenhunter,https://www.inaturalist.org/observations/20310729,2,3
20323064,Wed Feb 13 2019 11:25:47 GMT-0600 (CST),codybarber,https://www.inaturalist.org/observations/20323064,2,3
20326544,Wed Feb 13 2019 14:54:30 GMT-0500 (EST),jtuttle,https://www.inaturalist.org/observations/20326544,3,3
20329978,2019-02-13 4:50:34 PM CST,scigie,https://www.inaturalist.org/observations/20329978,3,3
20345542,2019-02-14 10:12:53 AM CST,adiamond,https://www.inaturalist.org/observations/20345542,3,4
20349998,Thu Feb 14 2019 16:08:16 GMT-0500 (EST),johnjschenk,https://www.inaturalist.org/observations/20349998,2,3
20364448,2019-02-15 8:08:46 AM CST,lichenhunter,https://www.inaturalist.org/observations/20364448,3,3
20376878,Thu Feb 14 2019 13:38:37 GMT-0600 (CST),eric_shows,https://www.inaturalist.org/observations/20376878,2,3
20391313,2019-02-16 11:59:56 AM CST,kdwhitbey,https://www.inaturalist.org/observations/20391313,4,5
20472572,2019-02-18 4:03:36 PM EST,kkeivit,https://www.inaturalist.org/observations/20472572,3,4
20490450,2019-02-13 3:29:37 PM CST,karenandphillip,https://www.inaturalist.org/observations/20490450,3,4
20518286,2019-02-20 4:24:55 PM CST,randawatson,https://www.inaturalist.org/observations/20518286,3,4
20545222,Thu Feb 21 2019 16:08:21 GMT-0500 (EST),johnjschenk,https://www.inaturalist.org/observations/20545222,2,3
20553461,Thu Feb 21 2019 16:13:36 GMT-0500 (EST),johnjschenk,https://www.inaturalist.org/observations/20553461,3,3
20755448,Mon Feb 25 2019 09:31:36 GMT-0600 (CST),slipps,https://www.inaturalist.org/observations/20755448,3,4
20761818,Mon Feb 25 2019 15:03:01 GMT-0500 (EST),barbaraweinstein,https://www.inaturalist.org/observations/20761818,2,3
20766490,2019/02/25 3:57 PM CST,dusty_in_vilas-tx,https://www.inaturalist.org/observations/20766490,3,5
20780488,2019-02-26 9:02:21 AM CST,adiamond,https://www.inaturalist.org/observations/20780488,3,4
20793634,2019-02-26 2:51:38 PM EST,jamelamoroso,https://www.inaturalist.org/observations/20793634,3,3
20808199,2019/02/27 11:44 AM EST,ryan84,https://www.inaturalist.org/observations/20808199,3,3
20898790,2019-03-02 4:19:45 PM CST,rayfisher,https://www.inaturalist.org/observations/20898790,2,3
21064459,2019-03-08 2:36:32 PM CST,meganopteryx,https://www.inaturalist.org/observations/21064459,4,4
21067559,Fri Mar 08 2019 16:33:05 GMT-0600 (CST),eric_shows,https://www.inaturalist.org/observations/21067559,3,4
21119176,2019-03-10 2:19:15 PM EDT,jamelamoroso,https://www.inaturalist.org/observations/21119176,2,3
21122664,2019-03-10 3:47:52 PM EDT,kkeivit,https://www.inaturalist.org/observations/21122664,3,3
21132329,2019-03-10 3:37:47 PM CDT,alisonnorthup,https://www.inaturalist.org/observations/21132329,3,4
21147566,Mon Mar 11 2019 11:46:23 GMT-0500 (CDT),shbayley,https://www.inaturalist.org/observations/21147566,4,5
21157354,Mon Mar 11 2019 17:16:28 GMT-0400 (EDT),ntb1951,https://www.inaturalist.org/observations/21157354,3,3
21165708,2019/03/10 6:52 PM EDT,schrodcat,https://www.inaturalist.org/observations/21165708,3,3
21229886,Thu Mar 14 2019 10:29:10 GMT-0400 (EDT),krox,https://www.inaturalist.org/observations/21229886,3,3
21240039,2019/03/10 2:37 PM CDT,hydaticus,https://www.inaturalist.org/observations/21240039,3,3
21262866,2019-03-14 2:38:58 PM EDT,jamelamoroso,https://www.inaturalist.org/observations/21262866,3,4
21266048,Fri Mar 15 2019 15:19:49 GMT-0500 (CDT),rdbd24,https://www.inaturalist.org/observations/21266048,3,4
21288258,27-02-19 12:13,tracysfeldman,https://www.inaturalist.org/observations/21288258,3,3
21333123,Sun Mar 17 2019 16:08:42 GMT-0500 (CDT),elzaffa,https://www.inaturalist.org/observations/21333123,3,3
21333788,2019/03/17 10:45 AM EDT,jamelamoroso,https://www.inaturalist.org/observations/21333788,3,3
21369699,2019/03/15 12:27 PM EDT,schrodcat,https://www.inaturalist.org/observations/21369699,2,3
21369841,2019/03/15 12:55 PM EDT,schrodcat,https://www.inaturalist.org/observations/21369841,3,3
21370516,2019/03/15 1:00 PM EDT,schrodcat,https://www.inaturalist.org/observations/21370516,2,3
21370641,2019/03/15 1:03 PM EDT,schrodcat,https://www.inaturalist.org/observations/21370641,2,3
21370705,2019/03/15 1:05 PM EDT,schrodcat,https://www.inaturalist.org/observations/21370705,2,3
21370770,2019/03/15 1:10 PM EDT,schrodcat,https://www.inaturalist.org/observations/21370770,2,3
21370982,2019/03/15 1:35 PM EDT,schrodcat,https://www.inaturalist.org/observations/21370982,3,3
21371032,2019/03/15 1:39 PM EDT,schrodcat,https://www.inaturalist.org/observations/21371032,2,3
21371086,2019/03/15 1:43 PM EDT,schrodcat,https://www.inaturalist.org/observations/21371086,3,3
21371174,2019/03/15 1:49 PM EDT,schrodcat,https://www.inaturalist.org/observations/21371174,3,3
21371288,2019/03/15 1:54 PM EDT,schrodcat,https://www.inaturalist.org/observations/21371288,3,3
21371394,2019/03/15 2:02 PM EDT,schrodcat,https://www.inaturalist.org/observations/21371394,2,3
21371486,2019/03/15 2:18 PM EDT,schrodcat,https://www.inaturalist.org/observations/21371486,3,3
21371547,2019/03/15 2:20 PM EDT,schrodcat,https://www.inaturalist.org/observations/21371547,3,3
21371650,2019/03/15 2:24 PM EDT,schrodcat,https://www.inaturalist.org/observations/21371650,2,3
21371708,2019/03/15 2:29 PM EDT,schrodcat,https://www.inaturalist.org/observations/21371708,3,4
21371754,2019/03/15 2:31 PM EDT,schrodcat,https://www.inaturalist.org/observations/21371754,3,3
21400384,Tue Mar 19 2019 14:32:35 GMT-0400 (EDT),kywanderer,https://www.inaturalist.org/observations/21400384,2,3
21404263,Tue Mar 19 2019 19:29:51 GMT-0400 (EDT),kywanderer,https://www.inaturalist.org/observations/21404263,3,3
21436748,2019/03/17 6:52 PM EDT,cindydarnell,https://www.inaturalist.org/observations/21436748,2,3
21466562,Thu Mar 21 2019 18:14:44 GMT-0400 (EDT),kywanderer,https://www.inaturalist.org/observations/21466562,2,3
21469804,2019/03/21 4:32 PM CDT,wildlandblogger,https://www.inaturalist.org/observations/21469804,2,3
21518069,Sat Mar 23 2019 10:46:21 GMT-0400 (EDT),kywanderer,https://www.inaturalist.org/observations/21518069,2,3
21551528,2019-03-24 8:25:50 AM EDT,jamelamoroso,https://www.inaturalist.org/observations/21551528,2,3
21552287,2019-03-23 6:59:13 PM EDT,kkeivit,https://www.inaturalist.org/observations/21552287,4,5
21552343,Sun Mar 24 2019 09:17:39 GMT-0400 (EDT),jhuffj,https://www.inaturalist.org/observations/21552343,3,4
21647575,Tue Mar 26 2019 17:10:11 GMT-0400 (EDT),gaby_b,https://www.inaturalist.org/observations/21647575,2,3
21665752,2019-03-27 11:14:21 AM EDT,jamelamoroso,https://www.inaturalist.org/observations/21665752,2,3
21720483,Thu Mar 28 2019 11:08:23 GMT-0400 (EDT),hbraunreiter,https://www.inaturalist.org/observations/21720483,3,3
21722969,Thu Mar 28 2019 11:07:56 GMT-0400 (EDT),kentuckybotanist,https://www.inaturalist.org/observations/21722969,3,3
21723426,2019/03/28 11:45 AM CDT,alabamaplants,https://www.inaturalist.org/observations/21723426,5,5
21723998,2019/03/28 3:54 PM EDT,kemper,https://www.inaturalist.org/observations/21723998,2,2
21739697,2019/03/29 12:45 PM GMT,georgeg,https://www.inaturalist.org/observations/21739697,2,3
21747806,2019-03-29 3:22:45 PM EDT,pawelp,https://www.inaturalist.org/observations/21747806,3,3
21757499,2019/03/29 3:20 PM EDT,schrodcat,https://www.inaturalist.org/observations/21757499,3,3
21757595,2019/03/29 3:32 PM EDT,schrodcat,https://www.inaturalist.org/observations/21757595,3,4
21757710,2019/03/29 3:55 PM EDT,schrodcat,https://www.inaturalist.org/observations/21757710,3,3
21799271,2019/03/30 9:31 AM UTC,jmgconsult,https://www.inaturalist.org/observations/21799271,3,3
21812388,2019/03/24 1:22 PM UTC,klips,https://www.inaturalist.org/observations/21812388,2,2
21818696,2019-03-30 4:11:31 PM CET,wojtest,https://www.inaturalist.org/observations/21818696,3,3
21832826,Sat Mar 30 2019 19:27:22 GMT-0500 (CDT),tammym4748,https://www.inaturalist.org/observations/21832826,3,3
21841756,2019/03/31 3:00 PM EDT,cindydarnell,https://www.inaturalist.org/observations/21841756,2,3
21896167,2019-03-31 3:54:09 PM EDT,kkeivit,https://www.inaturalist.org/observations/21896167,5,5
21896903,2019-03-31 2:05:45 PM EDT,kkeivit,https://www.inaturalist.org/observations/21896903,5,5
21980447,Thu Apr 04 2019 09:31:02 GMT-0400 (EDT),ntb1951,https://www.inaturalist.org/observations/21980447,3,4
21983020,Thu Apr 04 2019 11:16:42 GMT-0400 (EDT),walker9853,https://www.inaturalist.org/observations/21983020,3,3
21989808,Sun Mar 31 2019 18:15:28 GMT-0400 (EDT),ashley_bradford,https://www.inaturalist.org/observations/21989808,3,3
22005874,2019/04/03 2:42 PM CDT,wildlandblogger,https://www.inaturalist.org/observations/22005874,3,3
22023227,2019-04-05 9:59:14 AM EDT,jzal,https://www.inaturalist.org/observations/22023227,3,3
22035403,Wed Apr 03 2019 17:13:18 GMT-0500 (CDT),lind5ay,https://www.inaturalist.org/observations/22035403,2,3
22039676,Fri Apr 05 2019 14:50:27 GMT-0400 (EDT),cbecbb4,https://www.inaturalist.org/observations/22039676,3,4
22102178,Sat Apr 06 2019 14:07:41 GMT-0400 (EDT),forrestb1,https://www.inaturalist.org/observations/22102178,2,3
22112328,Sat Apr 06 2019 14:54:38 GMT-0500 (CDT),tammym4748,https://www.inaturalist.org/observations/22112328,3,3
22173120,2019/04/07 12:57 PM EDT,jamelamoroso,https://www.inaturalist.org/observations/22173120,3,3
22191820,2019-04-08 8:48:22 AM CDT,rmedina,https://www.inaturalist.org/observations/22191820,2,3
22203243,2019/04/08 9:37 AM EDT,wdvanhem,https://www.inaturalist.org/observations/22203243,3,3
22210206,Mon Apr 08 2019 16:20:02 GMT-0500 (CDT),echo-loop,https://www.inaturalist.org/observations/22210206,2,3
22257216,Tue Apr 09 2019 15:19:31 GMT-0500 (CDT),tammym4748,https://www.inaturalist.org/observations/22257216,3,5
22260176,Tue Apr 09 2019 18:32:17 GMT-0400 (EDT),kendallbrooke,https://www.inaturalist.org/observations/22260176,3,3
22262052,Sun Apr 07 2019 09:05:33 GMT-0500 (CDT),jdcaldwell,https://www.inaturalist.org/observations/22262052,3,4
22293680,Wed Apr 10 2019 12:28:43 GMT-0400 (EDT),forrestb1,https://www.inaturalist.org/observations/22293680,3,3
22326601,2019-04-11 9:26:53 AM CDT,arembert,https://www.inaturalist.org/observations/22326601,2,3
22339212,Sat Apr 06 2019 16:34:35 GMT-0400 (EDT),laura1618,https://www.inaturalist.org/observations/22339212,3,3
22367192,2019-04-12 11:54:23 a.m. CEST,jeremybarker,https://www.inaturalist.org/observations/22367192,3,3
22386440,Fri Apr 12 2019 16:56:37 GMT-0500 (CDT),jennyaldin,https://www.inaturalist.org/observations/22386440,3,3
22386773,Fri Apr 12 2019 17:04:40 GMT-0500 (CDT),anniemiller,https://www.inaturalist.org/observations/22386773,3,4
22386990,2019/04/12 9:51 AM EDT,mefisher,https://www.inaturalist.org/observations/22386990,4,4
22478359,Sun Apr 14 2019 09:19:17 GMT-0400 (EDT),andreaapplepie,https://www.inaturalist.org/observations/22478359,5,5
22481427,Sun Apr 14 2019 15:59:49 GMT-0400 (EDT),charlie,https://www.inaturalist.org/observations/22481427,3,3
22488676,2019/04/13 11:52 AM EDT,mefisher,https://www.inaturalist.org/observations/22488676,3,4
22488911,Sun Apr 14 2019 15:43:17 GMT-0400 (EDT),chelseakirkland,https://www.inaturalist.org/observations/22488911,3,4
22493995,Thu Mar 28 2019 09:20:57 GMT-0400 (EDT),melliott,https://www.inaturalist.org/observations/22493995,3,3
22495855,2019/04/14 10:13 AM EDT,jamelamoroso,https://www.inaturalist.org/observations/22495855,4,5
22497960,Sat Apr 13 2019 13:13:59 GMT-0400 (EDT),ashley_bradford,https://www.inaturalist.org/observations/22497960,3,3
22576417,Tue Apr 16 2019 14:25:27 GMT-0500 (CDT),jaden-b,https://www.inaturalist.org/observations/22576417,3,4
22583258,2019/04/03 2:21 PM EDT,schrodcat,https://www.inaturalist.org/observations/22583258,4,5
22583896,2019/04/04 3:32 PM EDT,schrodcat,https://www.inaturalist.org/observations/22583896,4,4
22584214,2019/04/04 3:47 PM EDT,schrodcat,https://www.inaturalist.org/observations/22584214,4,4
22584829,2019/04/04 4:09 PM EDT,schrodcat,https://www.inaturalist.org/observations/22584829,4,4
22591594,2019/04/16 10:02 AM EDT,evanaturalist,https://www.inaturalist.org/observations/22591594,3,3
22626500,2019/04/09 5:39 PM PDT,damontighe,https://www.inaturalist.org/observations/22626500,3,3
22631525,2019-04-17 6:50:46 PM EDT,waterocks583,https://www.inaturalist.org/observations/22631525,3,3
22638318,Thu Apr 11 2019 17:54:53 GMT-0400 (EDT),rpburkert,https://www.inaturalist.org/observations/22638318,3,3
22670836,2019/04/14 3:54 PM EDT,srall,https://www.inaturalist.org/observations/22670836,3,4
22676999,2019-04-18 4:38:04 PM CDT,static,https://www.inaturalist.org/observations/22676999,3,3
22718253,Fri Apr 19 2019 14:21:15 GMT-0400 (EDT),katherinediehl,https://www.inaturalist.org/observations/22718253,3,3
22728652,Fri Apr 19 2019 18:02:25 GMT-0400 (EDT),forrestb1,https://www.inaturalist.org/observations/22728652,2,3
22733032,Fri Apr 19 2019 17:50:36 GMT-0400 (EDT),mikeshultz,https://www.inaturalist.org/observations/22733032,3,3
22780133,Sat Apr 20 2019 17:40:14 GMT-0400 (EDT),forrestb1,https://www.inaturalist.org/observations/22780133,3,3
22780175,Sat Apr 20 2019 17:38:47 GMT-0400 (EDT),forrestb1,https://www.inaturalist.org/observations/22780175,3,3
22780196,Sat Apr 20 2019 17:38:30 GMT-0400 (EDT),forrestb1,https://www.inaturalist.org/observations/22780196,3,3
22780272,Sat Apr 20 2019 17:36:55 GMT-0400 (EDT),forrestb1,https://www.inaturalist.org/observations/22780272,3,3
22780326,Sat Apr 20 2019 17:35:34 GMT-0400 (EDT),forrestb1,https://www.inaturalist.org/observations/22780326,3,3
22780366,Sat Apr 20 2019 17:34:31 GMT-0400 (EDT),forrestb1,https://www.inaturalist.org/observations/22780366,3,3
22780425,Sat Apr 20 2019 17:33:21 GMT-0400 (EDT),forrestb1,https://www.inaturalist.org/observations/22780425,3,3
22780465,Sat Apr 20 2019 17:33:18 GMT-0400 (EDT),forrestb1,https://www.inaturalist.org/observations/22780465,3,3
22780499,Sat Apr 20 2019 17:29:30 GMT-0400 (EDT),forrestb1,https://www.inaturalist.org/observations/22780499,3,3
22827156,Tue Apr 16 2019 14:26:57 GMT-0500 (CDT),caj1021,https://www.inaturalist.org/observations/22827156,4,5
22840383,2019-04-21 3:59:20 PM CDT,rmedina,https://www.inaturalist.org/observations/22840383,3,3
22858147,Sun Apr 21 2019 18:57:31 GMT-0400 (EDT),adowning100,https://www.inaturalist.org/observations/22858147,3,3
22913159,Mon Apr 22 2019 18:58:01 GMT-0400 (EDT),forrestb1,https://www.inaturalist.org/observations/22913159,3,4
22922041,2019-04-22 4:26:43 PM EDT,birds_bugs_botany,https://www.inaturalist.org/observations/22922041,3,3
22953756,Tue Apr 16 2019 14:25:38 GMT-0500 (CDT),gracynbessmer,https://www.inaturalist.org/observations/22953756,3,4
22992660,2019-04-24 8:17:54 AM EDT,jzal,https://www.inaturalist.org/observations/22992660,3,4
23047619,Tue Apr 16 2019 14:26:32 GMT-0500 (CDT),ryliedear98,https://www.inaturalist.org/observations/23047619,3,4
23066481,2019-04-25 2:34:09 PM EDT,pawelp,https://www.inaturalist.org/observations/23066481,4,5
23085301,2019/04/25 9:02 AM CDT,kkucera,https://www.inaturalist.org/observations/23085301,3,3
23164554,2019-04-26 12:40:29 PM EDT,jamelamoroso,https://www.inaturalist.org/observations/23164554,5,5
23216695,Fri Apr 26 2019 08:53:00 GMT-0400 (EDT),ashley_bradford,https://www.inaturalist.org/observations/23216695,3,3
23247898,2019/04/26 5:09 PM EDT,jamelamoroso,https://www.inaturalist.org/observations/23247898,3,4
23258121,Fri Apr 26 2019 19:07:00 GMT-0500 (CDT),anjuli27,https://www.inaturalist.org/observations/23258121,3,3
23261941,2019/04/21 1:41 PM EDT,jamelamoroso,https://www.inaturalist.org/observations/23261941,5,5
23261945,2019/04/21 11:38 AM EDT,jamelamoroso,https://www.inaturalist.org/observations/23261945,4,5
23261947,2019/04/21 11:09 AM EDT,jamelamoroso,https://www.inaturalist.org/observations/23261947,5,5
23309558,2019-04-26 1:13:19 PM CDT,chartley6,https://www.inaturalist.org/observations/23309558,3,3
23328871,2019-04-26 6:26:44 PM EDT,scadwell,https://www.inaturalist.org/observations/23328871,3,4
23374459,Sat Apr 27 2019 10:45:20 GMT-0400 (EDT),pvdlcd,https://www.inaturalist.org/observations/23374459,3,3
23472222,2019/04/27 12:30 PM EDT,hitchco,https://www.inaturalist.org/observations/23472222,3,3
23490547,Sat Apr 27 2019 17:19:21 GMT-0500 (CDT),paulabetz,https://www.inaturalist.org/observations/23490547,4,5
23658178,Sun Apr 28 2019 11:20:22 GMT-0400 (EDT),forrestb1,https://www.inaturalist.org/observations/23658178,3,3
23658250,Sun Apr 28 2019 11:06:22 GMT-0400 (EDT),forrestb1,https://www.inaturalist.org/observations/23658250,4,5
23658521,Sun Apr 28 2019 11:30:05 GMT-0400 (EDT),forrestb1,https://www.inaturalist.org/observations/23658521,3,3
23661064,Sat Apr 27 2019 18:36:58 GMT-0500 (CDT),sheilasv,https://www.inaturalist.org/observations/23661064,3,3
23701119,2019-04-28 1:44:17 PM CDT,sheila94,https://www.inaturalist.org/observations/23701119,3,3
23741888,Sun Apr 28 2019 16:24:11 GMT-0500 (CDT),jocelynfrazelle,https://www.inaturalist.org/observations/23741888,3,4
23754921,2019-04-28 12:20:31 PM CDT,rmedina,https://www.inaturalist.org/observations/23754921,3,3
23755898,2019-04-28 1:45:53 PM CDT,rmedina,https://www.inaturalist.org/observations/23755898,3,3
23808931,2019/04/28 12:24 PM EDT,mefisher,https://www.inaturalist.org/observations/23808931,5,5
23818436,2019/04/27 12:19 PM EDT,johnnysap,https://www.inaturalist.org/observations/23818436,3,4
23960653,Mon Apr 29 2019 12:50:54 GMT-0400 (EDT),doughekf,https://www.inaturalist.org/observations/23960653,3,3
24034816,Mon Apr 29 2019 16:43:32 GMT-0500 (CDT),sarahgurney1,https://www.inaturalist.org/observations/24034816,4,5
24054971,2019/04/29 2:39 PM EDT,humanbyweight,https://www.inaturalist.org/observations/24054971,3,3
24245738,Tue Apr 30 2019 15:55:47 GMT-0400 (EDT),hobbyfarm,https://www.inaturalist.org/observations/24245738,3,3
24303571,Wed May 01 2019 13:34:14 GMT-0500 (CDT),janinegagnon,https://www.inaturalist.org/observations/24303571,3,3
24317984,Wed May 01 2019 15:02:27 GMT-0500 (CDT),lava70,https://www.inaturalist.org/observations/24317984,3,3
24385512,Thu May 02 2019 14:19:11 GMT-0400 (EDT),jbutler3,https://www.inaturalist.org/observations/24385512,2,3
24408520,2019-05-02 2:39:14 PM CDT,ewarden,https://www.inaturalist.org/observations/24408520,3,3
24414627,02-05-19 21:08,rowkey,https://www.inaturalist.org/observations/24414627,4,4
24444192,Tue Apr 23 2019 14:06:50 GMT-0400 (EDT),thecrazyplantlady,https://www.inaturalist.org/observations/24444192,2,3
24463030,Fri May 03 2019 15:06:53 GMT-0500 (CDT),jorts,https://www.inaturalist.org/observations/24463030,4,5
24521262,2019-05-04 11:39:53 AM CDT,rmedina,https://www.inaturalist.org/observations/24521262,4,4
24563180,Sat May 04 2019 19:47:12 GMT-0400 (EDT),forrestb1,https://www.inaturalist.org/observations/24563180,3,3
24620942,2019-05-05 12:49:04 PM CDT,rmedina,https://www.inaturalist.org/observations/24620942,3,3
24620951,2019-05-05 1:02:06 PM CDT,rmedina,https://www.inaturalist.org/observations/24620951,4,4
24621004,2019-05-05 1:30:54 PM CDT,rmedina,https://www.inaturalist.org/observations/24621004,1,3
24672187,Mon May 06 2019 12:13:29 GMT-0400 (EDT),karolina,https://www.inaturalist.org/observations/24672187,3,3
24694236,Mon May 06 2019 17:10:16 GMT-0500 (CDT),janinegagnon,https://www.inaturalist.org/observations/24694236,3,3
24756248,2006/05/13 11:08 AM NZST,philg-j,https://www.inaturalist.org/observations/24756248,3,3
24790846,Wed May 08 2019 12:47:42 GMT-0400 (GMT-4),selenabergeron,https://www.inaturalist.org/observations/24790846,2,3
24843609,Thu May 09 2019 11:56:51 GMT-0500 (CDT),zachwhite,https://www.inaturalist.org/observations/24843609,3,5
24970635,Sat May 11 2019 08:00:07 GMT-0400 (EDT),cli22,https://www.inaturalist.org/observations/24970635,4,5
25022467,2019/05/10 10:47 AM EDT,jamelamoroso,https://www.inaturalist.org/observations/25022467,4,5
25081741,Mon May 13 2019 16:51:07 GMT-0400 (EDT),m-ra,https://www.inaturalist.org/observations/25081741,3,4
25094242,2019/05/12 11:50 PM EDT,sau19,https://www.inaturalist.org/observations/25094242,4,4
25112113,2019/05/07 1:30 PM EDT,cesarcastillo,https://www.inaturalist.org/observations/25112113,3,3
25120467,Tue May 14 2019 12:46:48 GMT-0400 (EDT),laiet17,https://www.inaturalist.org/observations/25120467,2,4
25129210,Tue May 14 2019 16:11:14 GMT-0500 (CDT),parkerledoux,https://www.inaturalist.org/observations/25129210,3,4
25165063,Wed May 15 2019 11:30:59 GMT-0300 (ADT),tomneily,https://www.inaturalist.org/observations/25165063,3,3
25187004,Sat Mar 23 2019 05:41:20 GMT-0700 (PDT),lizzieflower,https://www.inaturalist.org/observations/25187004,3,3
25215928,2019-05-16 11:33:32 AM EDT,defenestration,https://www.inaturalist.org/observations/25215928,3,4
25234914,Thu May 16 2019 15:25:57 GMT-0400 (EDT),susanhewitt,https://www.inaturalist.org/observations/25234914,3,3
25272941,2019/05/17 12:52 PM EDT,josephthebirder,https://www.inaturalist.org/observations/25272941,4,5
25309910,2019-05-18 2:39:08 p.m. CEST,woutervanlanduyt,https://www.inaturalist.org/observations/25309910,3,3
25344926,2019/05/18 2:34 PM EDT,jem9redwood,https://www.inaturalist.org/observations/25344926,3,4
25393631,Sun May 19 2019 13:49:41 GMT-0400 (EDT),maplesyruptree,https://www.inaturalist.org/observations/25393631,5,5
25513317,Tue May 21 2019 13:34:08 GMT-0400 (EDT),karolina,https://www.inaturalist.org/observations/25513317,3,4
25624640,2019/04/23 7:04 PM UTC,klips,https://www.inaturalist.org/observations/25624640,3,3
25625774,2019/05/02 3:18 PM UTC,klips,https://www.inaturalist.org/observations/25625774,4,4
25626403,2019/05/02 4:29 PM UTC,klips,https://www.inaturalist.org/observations/25626403,4,5
25648083,Thu May 23 2019 20:11:51 GMT-0400 (EDT),nwhitfield,https://www.inaturalist.org/observations/25648083,2,3
25715065,2019-05-24 8:31:23 PM EDT,cindilou,https://www.inaturalist.org/observations/25715065,3,3
25828168,2019/05/18 9:48 AM EDT,beverlij,https://www.inaturalist.org/observations/25828168,3,3
25828404,2019/05/18 9:51 AM EDT,beverlij,https://www.inaturalist.org/observations/25828404,3,4
25889116,Mon May 27 2019 15:04:50 GMT-0300 (ADT),tomneily,https://www.inaturalist.org/observations/25889116,4,4
25995077,Wed May 29 2019 10:08:45 GMT-0300 (ADT),tomneily,https://www.inaturalist.org/observations/25995077,2,3
25995668,Wed May 29 2019 10:22:32 GMT-0300 (ADT),tomneily,https://www.inaturalist.org/observations/25995668,3,4
25999659,Wed May 29 2019 11:46:04 GMT-0300 (ADT),tomneily,https://www.inaturalist.org/observations/25999659,4,4
26004622,Wed May 29 2019 13:11:37 GMT-0300 (ADT),tomneily,https://www.inaturalist.org/observations/26004622,4,4
26007901,Wed May 29 2019 14:06:07 GMT-0300 (ADT),tomneily,https://www.inaturalist.org/observations/26007901,3,3
26547995,Fri Jun 07 2019 10:47:44 GMT-0300 (ADT),tomneily,https://www.inaturalist.org/observations/26547995,3,4
26573940,2017-06-06 12:14:28 PM EDT,shaunpogacnik95,https://www.inaturalist.org/observations/26573940,4,5
26583386,2019-06-06 5:46:06 PM EDT,kaj810,https://www.inaturalist.org/observations/26583386,3,4
26625204,2019-06-08 10:03:14 a.m. MDT,allison188,https://www.inaturalist.org/observations/26625204,4,4
26818255,2019/06/07 12:49 PM UTC,klips,https://www.inaturalist.org/observations/26818255,4,5
27030315,2019-06-15 11:46:22 AM CDT,rmedina,https://www.inaturalist.org/observations/27030315,2,3
27124510,2019/06/15 2:00 PM UTC,klips,https://www.inaturalist.org/observations/27124510,4,5
28744775,2017/04/09 12:29 PM EDT,lukearmstrong,https://www.inaturalist.org/observations/28744775,3,3
29605447,Wed Apr 03 2019 18:53:31 GMT-0400 (EDT),graceshields,https://www.inaturalist.org/observations/29605447,3,3
30566270,2019/08/10 11:10 AM BST,georgeg,https://www.inaturalist.org/observations/30566270,5,5
30835401,2013/05/29 8:36 AM EDT,douggoldman,https://www.inaturalist.org/observations/30835401,5,5
30848433,2019-03-28 3:39:56 PM CDT,antler,https://www.inaturalist.org/observations/30848433,3,3
31318697,Tue May 28 2019 12:52:03 GMT-0600 (MDT),blazeclaw,https://www.inaturalist.org/observations/31318697,3,4
31707314,2018/02/27 12:07 PM HST,davidenrique,https://www.inaturalist.org/observations/31707314,2,3
32315757,Fri Feb 15 2019 08:01:51 GMT-0500 (EST),mac_citizenscientistfl,https://www.inaturalist.org/observations/32315757,2,3
34222270,2019/05/11 8:35 AM UTC,mollyopsis,https://www.inaturalist.org/observations/34222270,3,4
34275651,2015/03/11 11:47 AM HST,davidenrique,https://www.inaturalist.org/observations/34275651,2,3
36750290,2019/06/09 1:26 PM EDT,erikamitchell,https://www.inaturalist.org/observations/36750290,3,3
37339300,2020-01-06 9:32:00 AM CST,fiddleclif,https://www.inaturalist.org/observations/37339300,3,4
37591395,Tue Jan 14 2020 12:25:00 GMT-0600 (CST),wizbee,https://www.inaturalist.org/observations/37591395,3,3
37658324,Thu May 01 2014 09:59:31 GMT-0400 (EDT),gardenbeth,https://www.inaturalist.org/observations/37658324,3,3
37715312,Sat Jan 18 2020 12:30:03 GMT-0600 (CST),ashleybee,https://www.inaturalist.org/observations/37715312,2,3
37822034,Tue Jan 21 2020 13:31:10 GMT-0600 (CST),klwelty,https://www.inaturalist.org/observations/37822034,3,3
37949354,Sat Jan 25 2020 09:12:31 GMT-0600 (CST),renkaw,https://www.inaturalist.org/observations/37949354,2,3
37953539,Sat Jan 25 2020 12:14:51 GMT-0600 (CST),baxter-slye,https://www.inaturalist.org/observations/37953539,2,3
38183149,Sat Feb 01 2020 09:59:04 GMT-0600 (CST),baxter-slye,https://www.inaturalist.org/observations/38183149,2,3
38183379,Sat Feb 01 2020 10:08:40 GMT-0600 (CST),baxter-slye,https://www.inaturalist.org/observations/38183379,2,3
38205109,Sat Feb 01 2020 16:17:10 GMT-0600 (CST),cnelsonfunk,https://www.inaturalist.org/observations/38205109,3,3
38209670,Tue Jan 21 2020 16:48:46 GMT-0600 (CST),atozbotanicals,https://www.inaturalist.org/observations/38209670,2,2
38218856,Sun Feb 02 2020 08:37:01 GMT-0600 (CST),kathrynwells333,https://www.inaturalist.org/observations/38218856,3,3
38224468,Sun Feb 02 2020 12:00:30 GMT-0600 (CST),baxter-slye,https://www.inaturalist.org/observations/38224468,3,4
38263048,Sun Feb 02 2020 13:22:50 GMT-0600 (CST),birdladymilam,https://www.inaturalist.org/observations/38263048,3,3
38360745,Thu Feb 06 2020 09:33:54 GMT-0600 (CST),schylerbrown,https://www.inaturalist.org/observations/38360745,2,3
38360768,Thu Feb 06 2020 09:18:13 GMT-0600 (CST),schylerbrown,https://www.inaturalist.org/observations/38360768,2,3
38367965,Thu Feb 06 2020 14:41:26 GMT-0600 (CST),clarissamolina,https://www.inaturalist.org/observations/38367965,2,3
38368046,Thu Feb 06 2020 14:44:42 GMT-0600 (CST),clarissamolina,https://www.inaturalist.org/observations/38368046,2,3
38368099,Thu Feb 06 2020 14:47:08 GMT-0600 (CST),clarissamolina,https://www.inaturalist.org/observations/38368099,3,3
38393267,Fri Feb 07 2020 11:30:37 GMT-0600 (CST),baxter-slye,https://www.inaturalist.org/observations/38393267,3,3
38404113,Fri Feb 07 2020 17:06:42 GMT-0600 (CST),shbayley,https://www.inaturalist.org/observations/38404113,3,5
38427942,Sat Feb 08 2020 10:56:41 GMT-0600 (CST),baxter-slye,https://www.inaturalist.org/observations/38427942,2,3
38438231,Sat Feb 08 2020 10:15:14 GMT-0600 (CST),lisa281,https://www.inaturalist.org/observations/38438231,2,3
38472296,Sun Feb 09 2020 12:12:47 GMT-0600 (CST),atozbotanicals,https://www.inaturalist.org/observations/38472296,2,3
38479692,Sun Feb 09 2020 15:14:31 GMT-0600 (CST),baxter-slye,https://www.inaturalist.org/observations/38479692,3,3
38652611,2020/02/14 1:50 PM UTC,saltyhiker,https://www.inaturalist.org/observations/38652611,3,4
38670410,2020/02/14 9:53 AM EST,autrpy,https://www.inaturalist.org/observations/38670410,3,4
38688252,Sat Feb 15 2020 16:20:44 GMT-0600 (CST),kommissar,https://www.inaturalist.org/observations/38688252,3,4
38708777,Sat Feb 15 2020 09:44:25 GMT-0500 (EST),andreaapplepie,https://www.inaturalist.org/observations/38708777,3,4
38758588,Mon Feb 17 2020 11:32:25 GMT-0500 (EST),dbarber,https://www.inaturalist.org/observations/38758588,3,3
38762564,Mon Feb 17 2020 12:59:42 GMT-0600 (CST),ashleybee,https://www.inaturalist.org/observations/38762564,2,3
38767864,2020-02-17 2:51:16 PM CST,roselibrarian,https://www.inaturalist.org/observations/38767864,3,3
38771003,Mon Feb 17 2020 16:15:33 GMT-0600 (CST),emilycallender,https://www.inaturalist.org/observations/38771003,3,3
38771038,2020-02-17 4:14:55 PM CST,cmarin01,https://www.inaturalist.org/observations/38771038,3,3
38771431,Mon Feb 17 2020 16:16:52 GMT-0600 (CST),julie937,https://www.inaturalist.org/observations/38771431,3,4
38777647,Mon Feb 17 2020 16:16:21 GMT-0600 (CST),eric_shows,https://www.inaturalist.org/observations/38777647,3,4
38777657,Mon Feb 17 2020 16:25:18 GMT-0600 (CST),eric_shows,https://www.inaturalist.org/observations/38777657,4,5
38778341,2020/02/16 10:07 AM HST,jmgconsult,https://www.inaturalist.org/observations/38778341,2,3
38916904,Sun Feb 16 2020 11:13:11 GMT-0500 (EST),johnmcl228,https://www.inaturalist.org/observations/38916904,3,3
38943135,Thu Feb 20 2020 19:22:33 GMT-0600 (CST),afranks1,https://www.inaturalist.org/observations/38943135,2,3
39065062,Sat Feb 22 2020 16:29:34 GMT-0600 (CST),reallifeecology,https://www.inaturalist.org/observations/39065062,3,3
39086995,Sat Feb 22 2020 17:15:29 GMT-0500 (EST),dbarber,https://www.inaturalist.org/observations/39086995,3,3
39088630,Mon Feb 17 2020 16:16:03 GMT-0600 (CST),a_nelson20,https://www.inaturalist.org/observations/39088630,3,3
39096517,Mon Feb 17 2020 16:15:07 GMT-0600 (CST),carleighmurray,https://www.inaturalist.org/observations/39096517,3,3
39096993,Sun Feb 23 2020 12:12:51 GMT-0600 (CST),baxter-slye,https://www.inaturalist.org/observations/39096993,3,3
39105396,Sun Feb 23 2020 14:37:54 GMT-0500 (EST),zissou7,https://www.inaturalist.org/observations/39105396,3,3
39128175,2020-02-23 3:16:00 PM EST,jamelamoroso,https://www.inaturalist.org/observations/39128175,3,3
39147418,Fri Feb 21 2020 15:39:58 GMT+0100 (GMT+1),joshuahaahr,https://www.inaturalist.org/observations/39147418,2,2
39174605,2020-02-24T13:34:19-05:00,shannonmarvel,https://www.inaturalist.org/observations/39174605,3,4
39180373,2019/04/28 3:16 PM CDT,charlesgardner51,https://www.inaturalist.org/observations/39180373,5,5
39180374,2019/04/28 3:11 PM CDT,charlesgardner51,https://www.inaturalist.org/observations/39180374,4,5
39180375,2019/04/21 3:06 PM CDT,charlesgardner51,https://www.inaturalist.org/observations/39180375,5,5
39185917,2020/02/23 12:27 PM EST,jabrams_foc,https://www.inaturalist.org/observations/39185917,2,3
39224378,2020-02-25 3:07:38 PM EST,rivermont,https://www.inaturalist.org/observations/39224378,3,3
39247505,2020-02-26T13:01:52-05:00,epi_stacy_is,https://www.inaturalist.org/observations/39247505,3,3
39288191,Thu Feb 27 2020 11:28:19 GMT-0500 (EST),spartacus_57,https://www.inaturalist.org/observations/39288191,2,3
39293970,Thu Feb 27 2020 16:19:05 GMT-0600 (CST),ranfrye,https://www.inaturalist.org/observations/39293970,2,3
39324205,Fri Feb 28 2020 11:57:44 GMT-0600 (CST),spqnancy,https://www.inaturalist.org/observations/39324205,3,3
39362354,Sat Feb 29 2020 12:26:22 GMT-0500 (EST),spartacus_57,https://www.inaturalist.org/observations/39362354,3,3
39370849,2020-02-29 4:27:08 PM EST,marytschopp,https://www.inaturalist.org/observations/39370849,3,3
39372071,Sat Feb 29 2020 09:17:06 GMT-0600 (CST),sambiology,https://www.inaturalist.org/observations/39372071,3,4
39377753,2020/02/29 5:55 PM CST,pfau_tarleton,https://www.inaturalist.org/observations/39377753,3,3
39381526,Sat Feb 29 2020 12:28:28 GMT-0500 (EST),dbarber,https://www.inaturalist.org/observations/39381526,3,3
39390650,2020/02/28 9:28 AM EST,autrpy,https://www.inaturalist.org/observations/39390650,2,3
39472356,Mon Mar 02 2020 16:39:24 GMT-0500 (EST),dbarber,https://www.inaturalist.org/observations/39472356,3,3
39499882,Tue Mar 03 2020 13:19:08 GMT-0600 (CST),mbrantley,https://www.inaturalist.org/observations/39499882,3,3
39504257,2020-03-03 4:29:22 PM EST,jabrams_foc,https://www.inaturalist.org/observations/39504257,2,3
39511339,2020/03/03 5:44 PM CST,pfau_tarleton,https://www.inaturalist.org/observations/39511339,3,3
39525751,2020/03/04 11:04 AM CET,jeremybarker,https://www.inaturalist.org/observations/39525751,2,3
39537206,Wed Mar 04 2020 12:06:52 GMT-0600 (CST),clarissamolina,https://www.inaturalist.org/observations/39537206,3,4
39541921,Wed Mar 04 2020 14:05:26 GMT-0600 (CST),ethanschmidt,https://www.inaturalist.org/observations/39541921,3,3
39620508,2020-03-06 12:08:21 PM EST,marytschopp,https://www.inaturalist.org/observations/39620508,3,3
39625199,Fri Mar 06 2020 15:47:49 GMT-0600 (CST),atozbotanicals,https://www.inaturalist.org/observations/39625199,3,3
39657494,Sat Mar 07 2020 12:11:09 GMT-0600 (CST),baxter-slye,https://www.inaturalist.org/observations/39657494,4,4
39657639,Sat Mar 07 2020 12:14:13 GMT-0600 (CST),baxter-slye,https://www.inaturalist.org/observations/39657639,4,5
39657897,Sat Mar 07 2020 12:17:44 GMT-0600 (CST),baxter-slye,https://www.inaturalist.org/observations/39657897,4,4
39683468,2020-03-07 12:43:55 PM EST,ungberg,https://www.inaturalist.org/observations/39683468,3,3
39714781,Sun Mar 08 2020 14:28:41 GMT-0500 (CDT),baxter-slye,https://www.inaturalist.org/observations/39714781,4,5
39729187,2020-03-08 6:56:49 PM CDT,benjamin417,https://www.inaturalist.org/observations/39729187,2,3
39756465,Mon Mar 09 2020 11:35:02 GMT-0400 (EDT),spartacus_57,https://www.inaturalist.org/observations/39756465,3,4
39756714,Mon Mar 09 2020 10:38:53 GMT-0400 (EDT),spartacus_57,https://www.inaturalist.org/observations/39756714,4,5
39756937,Mon Mar 09 2020 09:52:13 GMT-0400 (EDT),spartacus_57,https://www.inaturalist.org/observations/39756937,3,3
39757220,Mon Mar 09 2020 09:29:59 GMT-0400 (EDT),spartacus_57,https://www.inaturalist.org/observations/39757220,3,4
39757266,Mon Mar 09 2020 09:57:07 GMT-0400 (EDT),spartacus_57,https://www.inaturalist.org/observations/39757266,3,4
39762539,2020-03-04 2:50:08 PM CST,mflo,https://www.inaturalist.org/observations/39762539,3,3
39766384,Mon Mar 09 2020 14:53:35 GMT-0400 (EDT),spartacus_57,https://www.inaturalist.org/observations/39766384,3,3
39766555,Mon Mar 09 2020 14:17:07 GMT-0400 (EDT),spartacus_57,https://www.inaturalist.org/observations/39766555,3,4
39766630,Mon Mar 09 2020 13:56:22 GMT-0400 (EDT),spartacus_57,https://www.inaturalist.org/observations/39766630,3,3
39774071,Mon Mar 09 2020 18:34:55 GMT-0400 (EDT),mertensia,https://www.inaturalist.org/observations/39774071,3,3
39779215,Mon Mar 09 2020 17:49:23 GMT-0400 (EDT),dbarber,https://www.inaturalist.org/observations/39779215,3,4
39781187,08-03-20 11:30,annikaml,https://www.inaturalist.org/observations/39781187,5,5
39800910,Tue Mar 10 2020 09:38:35 GMT-0400 (EDT),spartacus_57,https://www.inaturalist.org/observations/39800910,3,4
39801422,Tue Mar 10 2020 12:19:24 GMT-0400 (EDT),spartacus_57,https://www.inaturalist.org/observations/39801422,3,3
39808610,Tue Mar 10 2020 15:01:02 GMT-0400 (EDT),spartacus_57,https://www.inaturalist.org/observations/39808610,4,5
39809166,Tue Mar 10 2020 14:42:55 GMT-0500 (CDT),kathrynwells333,https://www.inaturalist.org/observations/39809166,3,4
39812297,Tue Mar 10 2020 11:03:07 GMT-0400 (EDT),wormfever,https://www.inaturalist.org/observations/39812297,4,5
39831569,Sat Feb 29 2020 17:58:48 GMT-0500 (EST),rodriguez_s_002,https://www.inaturalist.org/observations/39831569,4,4
39838998,Wed Mar 11 2020 10:37:24 GMT-0400 (EDT),kh4855,https://www.inaturalist.org/observations/39838998,2,3
39843103,Wed Mar 11 2020 11:34:20 GMT-0400 (EDT),spartacus_57,https://www.inaturalist.org/observations/39843103,3,3
39843122,Wed Mar 11 2020 11:30:05 GMT-0400 (EDT),spartacus_57,https://www.inaturalist.org/observations/39843122,3,3
39863673,Mon Feb 03 2020 11:51:46 GMT-0500 (EST),entomolocee,https://www.inaturalist.org/observations/39863673,3,3
39890682,12-03-20,emmapk,https://www.inaturalist.org/observations/39890682,3,3
39897734,Thu Mar 12 2020 15:03:59 GMT-0500 (CDT),sambiology,https://www.inaturalist.org/observations/39897734,4,4
39898055,Thu Mar 12 2020 10:15:02 GMT-0400 (EDT),spartacus_57,https://www.inaturalist.org/observations/39898055,3,3
39900137,2020-03-12 5:42:40 PM EDT,marytschopp,https://www.inaturalist.org/observations/39900137,3,4
39901454,2020/03/12 1:14 PM EDT,george1997,https://www.inaturalist.org/observations/39901454,3,3
39919065,2020-03-10 5:30:23 PM CDT,toadlily82,https://www.inaturalist.org/observations/39919065,3,3
39938215,Fri Mar 13 2020 16:05:22 GMT-0400 (EDT),snelson16,https://www.inaturalist.org/observations/39938215,3,3
39944545,2020/03/12 5:40 PM EDT,rivermont,https://www.inaturalist.org/observations/39944545,3,3
39947816,Thu Mar 12 2020 13:29:08 GMT-0400 (EDT),wormfever,https://www.inaturalist.org/observations/39947816,3,5
39955982,12-03-20 13:36,annikaml,https://www.inaturalist.org/observations/39955982,5,5
39985479,2020/03/14 11:11 AM HST,biomadsen,https://www.inaturalist.org/observations/39985479,2,2
39999329,2020/03/01 4:11 PM CST,charlesgardner51,https://www.inaturalist.org/observations/39999329,3,4
39999330,2020/03/12 8:13 PM CDT,charlesgardner51,https://www.inaturalist.org/observations/39999330,4,5
39999331,2020/03/01 4:10 PM CST,charlesgardner51,https://www.inaturalist.org/observations/39999331,3,4
40048196,2020-03-15 5:27:39 PM EDT,laking,https://www.inaturalist.org/observations/40048196,2,3
40051408,2020-03-15 11:28:15 AM EDT,huniitea,https://www.inaturalist.org/observations/40051408,3,4
40056479,Sun Mar 15 2020 13:20:37 GMT-0400 (EDT),kellysmith,https://www.inaturalist.org/observations/40056479,3,3
40090860,2020-03-16 2:32:31 PM EDT,waynesweeds,https://www.inaturalist.org/observations/40090860,3,3
40092773,2020-03-16 2:17:06 PM CDT,arembert,https://www.inaturalist.org/observations/40092773,3,3
40095801,2020/03/09 2:12 PM CDT,connlindajo,https://www.inaturalist.org/observations/40095801,4,5
40096505,2020/03/16 10:15 AM EDT,mefisher,https://www.inaturalist.org/observations/40096505,3,3
40100380,2020-03-16 2:59:37 PM EDT,rivermont,https://www.inaturalist.org/observations/40100380,3,3
40105077,Mon Mar 16 2020 09:16:05 GMT-0400 (EDT),spartacus_57,https://www.inaturalist.org/observations/40105077,3,3
40128423,2020-03-17 10:21:26 AM EDT,waynesweeds,https://www.inaturalist.org/observations/40128423,3,3
40139599,Tue Mar 17 2020 12:44:42 GMT-0500 (CDT),sambiology,https://www.inaturalist.org/observations/40139599,4,5
40139803,Tue Mar 17 2020 14:49:00 GMT-0400 (EDT),aahove,https://www.inaturalist.org/observations/40139803,3,3
40147037,Tue Mar 17 2020 15:00:49 GMT-0400 (EDT),andreaapplepie,https://www.inaturalist.org/observations/40147037,4,5
40147417,Tue Mar 17 2020 17:26:11 GMT-0400 (EDT),mertensia,https://www.inaturalist.org/observations/40147417,3,3
40160616,17-03-20,evanaturalist,https://www.inaturalist.org/observations/40160616,2,2
40160994,2020/03/17 8:48 PM CDT,pfau_tarleton,https://www.inaturalist.org/observations/40160994,4,5
40175382,17-03-20,evanaturalist,https://www.inaturalist.org/observations/40175382,2,2
40176922,17-03-18,billhubick,https://www.inaturalist.org/observations/40176922,3,3
40190629,Sat Feb 22 2020 11:33:31 GMT-0500 (EST),johnmcl228,https://www.inaturalist.org/observations/40190629,4,5
40201175,Wed Mar 18 2020 13:32:35 GMT-0500 (CDT),atozbotanicals,https://www.inaturalist.org/observations/40201175,4,5
40233656,2020-03-19 10:38:09 AM EDT,waynesweeds,https://www.inaturalist.org/observations/40233656,3,3
40235398,Thu Mar 19 2020 11:16:56 GMT-0400 (EDT),biomother,https://www.inaturalist.org/observations/40235398,3,3
40241391,2020-03-19T13:21:56-04:00,magknit,https://www.inaturalist.org/observations/40241391,3,3
40247032,2020-03-19 8:50:50 AM EDT,cjpasiche,https://www.inaturalist.org/observations/40247032,3,3
40250373,2020/03/19 12:26 PM EDT,jabrams_foc,https://www.inaturalist.org/observations/40250373,2,3
40286134,Wed Mar 18 2020 16:54:11 GMT-0400 (EDT),ebaratta,https://www.inaturalist.org/observations/40286134,3,3
40289582,2020/03/02 9:22 AM EST,waynesweeds,https://www.inaturalist.org/observations/40289582,3,3
40295574,2020-03-20 11:31:18 AM EDT,bugbird,https://www.inaturalist.org/observations/40295574,3,3
40299411,Wed Mar 18 2020 16:10:10 GMT-0400 (EDT),johnmcl228,https://www.inaturalist.org/observations/40299411,4,4
40304648,2020-03-20 1:31:25 PM EDT,dinospine,https://www.inaturalist.org/observations/40304648,3,3
40324979,Fri Mar 20 2020 13:40:02 GMT-0400 (EDT),spartacus_57,https://www.inaturalist.org/observations/40324979,3,3
40375753,Sat Mar 21 2020 12:43:25 GMT-0400 (EDT),sadream,https://www.inaturalist.org/observations/40375753,3,3
40398181,2020-03-21T16:19:11-05:00,simply_divine,https://www.inaturalist.org/observations/40398181,3,3
40405128,2020-03-21 5:46:28 PM EDT,erininmd,https://www.inaturalist.org/observations/40405128,3,3
40445074,2020-03-21 4:52:22 PM EDT,cjpasiche,https://www.inaturalist.org/observations/40445074,2,3
40515529,2020/03/21 2:22 PM CET,wojtest,https://www.inaturalist.org/observations/40515529,2,3
40523005,2020/03/20 10:01 PM CDT,charlesgardner51,https://www.inaturalist.org/observations/40523005,4,4
40523860,2020/03/21 8:54 PM CDT,charlesgardner51,https://www.inaturalist.org/observations/40523860,4,5
40561629,2020/03/20 6:13 PM EDT,javiehweg,https://www.inaturalist.org/observations/40561629,3,3
40563183,2019/03/30 9:39 AM EDT,jimbrighton,https://www.inaturalist.org/observations/40563183,3,3
40563957,Sat Mar 21 2020 14:29:35 GMT-0500 (CDT),tammym4748,https://www.inaturalist.org/observations/40563957,4,4
40566479,2020/03/14 11:41 AM EDT,cindydarnell,https://www.inaturalist.org/observations/40566479,3,3
40573862,2020-03-07 4:39:10 PM EST,cindydarnell,https://www.inaturalist.org/observations/40573862,3,3
40593292,2020-03-23 12:36:41 PM CDT,michelle1191,https://www.inaturalist.org/observations/40593292,3,3
40604879,Mon Mar 23 2020 17:17:55 GMT-0400 (EDT),codychism,https://www.inaturalist.org/observations/40604879,3,3
40606161,2020-03-23 5:20:54 PM EDT,xxthatweebyxx,https://www.inaturalist.org/observations/40606161,2,3
40625736,Fri Mar 20 2020 17:14:11 GMT-0400 (EDT),krispysalad,https://www.inaturalist.org/observations/40625736,3,3
40639286,Mon Mar 23 2020 17:05:59 GMT-0400 (EDT),flora_fungi_fauna,https://www.inaturalist.org/observations/40639286,3,3
40641255,2020-03-24 11:48:50 AM EDT,jabrams_foc,https://www.inaturalist.org/observations/40641255,3,4
40659576,Tue Mar 24 2020 17:03:21 GMT-0400 (EDT),mertensia,https://www.inaturalist.org/observations/40659576,3,3
40659875,2020-03-24 5:27:06 PM EDT,dinospine,https://www.inaturalist.org/observations/40659875,3,3
40703082,2020-03-25 1:56:48 PM EDT,dinospine,https://www.inaturalist.org/observations/40703082,3,3
40713238,2020-03-25 4:37:37 PM EDT,emwachter,https://www.inaturalist.org/observations/40713238,3,3
40724303,2020-03-25 5:13:09 PM EDT,donut_warfare,https://www.inaturalist.org/observations/40724303,3,3
40730919,Wed Mar 25 2020 18:16:56 GMT-0500 (CDT),alanadunn17,https://www.inaturalist.org/observations/40730919,3,4
40759272,2020/03/26 10:59 AM CDT,charlesgardner51,https://www.inaturalist.org/observations/40759272,4,5
40763527,Thu Mar 26 2020 13:19:23 GMT-0400 (EDT),tkirk304,https://www.inaturalist.org/observations/40763527,3,3
40767829,2020-03-26 1:36:59 PM CDT,heididuncan,https://www.inaturalist.org/observations/40767829,3,3
40769340,2020-03-26 2:35:23 PM EDT,emecurb,https://www.inaturalist.org/observations/40769340,3,3
40777204,Thu Mar 26 2020 16:51:03 GMT-0400 (EDT),godshallcs,https://www.inaturalist.org/observations/40777204,3,3
40782622,Thu Mar 26 2020 17:51:00 GMT-0400 (EDT),abbiechilds,https://www.inaturalist.org/observations/40782622,4,5
40793616,2020-03-23 3:27:10 PM CDT,leigha3,https://www.inaturalist.org/observations/40793616,4,5
40795283,25-03-20 15:56,cadecampbell,https://www.inaturalist.org/observations/40795283,3,3
40821231,Fri Mar 27 2020 12:23:56 GMT-0400 (EDT),cheerwine,https://www.inaturalist.org/observations/40821231,3,5
40837076,2020/03/27 1:53 AM CDT,lava70,https://www.inaturalist.org/observations/40837076,2,2
40838255,Fri Mar 27 2020 16:37:51 GMT-0400 (EDT),conoralt,https://www.inaturalist.org/observations/40838255,3,3
40840002,Wed Mar 18 2020 15:31:25 GMT-0400 (EDT),aaronr,https://www.inaturalist.org/observations/40840002,3,3
40844891,Fri Mar 27 2020 17:38:26 GMT-0400 (EDT),mcmen,https://www.inaturalist.org/observations/40844891,3,3
40845609,Thu Mar 26 2020 09:44:20 GMT-0400 (EDT),tcurtis,https://www.inaturalist.org/observations/40845609,2,2
40861426,2020-03-27 8:40:05 AM EDT,cjpasiche,https://www.inaturalist.org/observations/40861426,3,3
40889258,2020-03-28 11:12:00 AM EDT,cindydarnell,https://www.inaturalist.org/observations/40889258,3,3
40905123,Sat Mar 28 2020 15:19:58 GMT-0400 (EDT),ty-sharrow,https://www.inaturalist.org/observations/40905123,2,2
40911591,Sat Mar 28 2020 16:01:46 GMT-0400 (EDT),jahnavigpatel,https://www.inaturalist.org/observations/40911591,3,4
40926920,2020-03-28 6:43:23 PM CDT,lmoy,https://www.inaturalist.org/observations/40926920,3,3
40972296,2020-03-29 11:07:34 AM CDT,kidneymoth,https://www.inaturalist.org/observations/40972296,3,4
40982646,2020/03/29 12:27 PM EDT,botanicus,https://www.inaturalist.org/observations/40982646,3,3
40997036,28-03-20,evanaturalist,https://www.inaturalist.org/observations/40997036,3,3
41002591,2020/03/16 2:16 PM HST,mollyopsis,https://www.inaturalist.org/observations/41002591,3,3
41005065,2020/03/24 3:23 PM EDT,schrodcat,https://www.inaturalist.org/observations/41005065,4,5
41005212,2020/03/24 3:31 PM EDT,schrodcat,https://www.inaturalist.org/observations/41005212,4,5
41005268,2020/03/24 3:49 PM EDT,schrodcat,https://www.inaturalist.org/observations/41005268,4,4
41006643,2020-03-29 5:48:04 PM EDT,hazelsnail,https://www.inaturalist.org/observations/41006643,3,3
41019356,Sun Mar 29 2020 17:07:08 GMT-0500 (CDT),atozbotanicals,https://www.inaturalist.org/observations/41019356,4,5
41019362,Sun Mar 29 2020 17:07:11 GMT-0500 (CDT),atozbotanicals,https://www.inaturalist.org/observations/41019362,5,5
41054513,Mon Mar 30 2020 12:42:03 GMT-0500 (CDT),paulabetz,https://www.inaturalist.org/observations/41054513,3,4
41059657,2020/03/27 11:49 AM EDT,srall,https://www.inaturalist.org/observations/41059657,3,3
41064876,Sun Mar 29 2020 15:48:02 GMT-0500 (CDT),atozbotanicals,https://www.inaturalist.org/observations/41064876,5,5
41068250,2020-03-30T17:01:18-04:00,katieschles,https://www.inaturalist.org/observations/41068250,3,4
41074299,2020-03-30 5:39:40 PM CDT,rmedina,https://www.inaturalist.org/observations/41074299,3,3
41077483,2020-03-30 5:20:54 PM EDT,cindydarnell,https://www.inaturalist.org/observations/41077483,2,3
41122678,Tue Mar 31 2020 15:19:52 GMT-0400 (EDT),khogan148,https://www.inaturalist.org/observations/41122678,3,3
41199686,2020-03-30 5:46:13 PM EDT,birddad,https://www.inaturalist.org/observations/41199686,3,3
41200316,Wed Apr 01 2020 18:57:33 GMT-0400 (EDT),mertensia,https://www.inaturalist.org/observations/41200316,3,3
41201142,Wed Apr 01 2020 13:53:24 GMT-0500 (CDT),atozbotanicals,https://www.inaturalist.org/observations/41201142,4,5
41201190,Wed Apr 01 2020 13:53:30 GMT-0500 (CDT),atozbotanicals,https://www.inaturalist.org/observations/41201190,5,5
41201255,Wed Apr 01 2020 13:53:45 GMT-0500 (CDT),atozbotanicals,https://www.inaturalist.org/observations/41201255,5,5
41242058,Thu Apr 02 2020 10:13:03 GMT-0500 (CDT),hellomissdaisy,https://www.inaturalist.org/observations/41242058,4,5
41251302,Thu Apr 02 2020 16:17:38 GMT-0400 (EDT),megankorne,https://www.inaturalist.org/observations/41251302,2,3
41290265,Wed Apr 01 2020 13:01:03 GMT-0400 (EDT),jeremiah54,https://www.inaturalist.org/observations/41290265,2,3
41327850,2020/04/03 4:05 PM EDT,javiehweg,https://www.inaturalist.org/observations/41327850,3,3
41327860,2020/04/03 4:11 PM EDT,javiehweg,https://www.inaturalist.org/observations/41327860,3,4
41327866,2020/04/03 4:17 PM EDT,javiehweg,https://www.inaturalist.org/observations/41327866,3,3
41341390,2020/04/03 10:14 AM CDT,wildlandblogger,https://www.inaturalist.org/observations/41341390,3,3
41360645,Tue Mar 24 2020 17:11:13 GMT-0400 (EDT),jroberts2208,https://www.inaturalist.org/observations/41360645,2,3
41388753,Sat Apr 04 2020 14:38:29 GMT-0400 (EDT),kristym,https://www.inaturalist.org/observations/41388753,3,4
41405219,2020-04-04 5:31:29 PM CDT,sylvias13,https://www.inaturalist.org/observations/41405219,4,5
41442964,2020/04/05 10:06 AM EDT,susky56,https://www.inaturalist.org/observations/41442964,3,3
41454738,2020/04/05 11:29 AM EDT,srall,https://www.inaturalist.org/observations/41454738,3,4
41456711,2020-04-05T13:13:12-04:00,jennyd404,https://www.inaturalist.org/observations/41456711,3,3
41457168,2020-04-05 12:14:15 PM CDT,raspberry-_-23,https://www.inaturalist.org/observations/41457168,3,3
41461860,Sun Apr 05 2020 14:00:23 GMT-0400 (EDT),plusanimals,https://www.inaturalist.org/observations/41461860,3,4
41464182,2020/04/04 10:40 PM UTC,jane41,https://www.inaturalist.org/observations/41464182,3,3
41466728,Sun Mar 29 2020 15:47:46 GMT-0400 (EDT),craymond,https://www.inaturalist.org/observations/41466728,3,4
41472834,2020-04-05 2:52:16 PM CDT,pipster13,https://www.inaturalist.org/observations/41472834,3,3
41507566,2020-04-05 1:09:02 PM CDT,iyamai,https://www.inaturalist.org/observations/41507566,3,4
41551581,2020-04-06T15:48:25-04:00,kaylabassoff,https://www.inaturalist.org/observations/41551581,3,4
41556248,2020/04/05 4:24 PM EDT,amseln,https://www.inaturalist.org/observations/41556248,3,3
41571031,2020/04/06 12:17 PM UTC,kd10451,https://www.inaturalist.org/observations/41571031,3,3
41576994,Thu Apr 02 2020 18:34:30 GMT-0400 (EDT),ashley_bradford,https://www.inaturalist.org/observations/41576994,3,4
41610108,2020/04/06 5:41 PM CEST,grzegorzgrzejszczak,https://www.inaturalist.org/observations/41610108,3,3
41611426,2020/04/07 10:05 AM EDT,hb2000,https://www.inaturalist.org/observations/41611426,2,3
41616182,2020/04/05 9:18 AM EDT,rivermont,https://www.inaturalist.org/observations/41616182,3,5
41616202,2020/04/05 9:08 AM EDT,rivermont,https://www.inaturalist.org/observations/41616202,3,3
41616212,2020/04/05 9:20 AM EDT,rivermont,https://www.inaturalist.org/observations/41616212,3,3
41621761,Tue Apr 07 2020 13:37:49 GMT-0400 (EDT),riitta-,https://www.inaturalist.org/observations/41621761,3,3
41623381,Tue Apr 07 2020 13:51:01 GMT-0400 (EDT),t_knight,https://www.inaturalist.org/observations/41623381,3,3
41644747,2020-04-07 4:54:55 PM EDT,jennjerlee,https://www.inaturalist.org/observations/41644747,3,3
41646743,2020/04/06 4:36 PM SST,arborworks,https://www.inaturalist.org/observations/41646743,3,3
41653787,Tue Apr 07 2020 19:26:57 GMT-0500 (CDT),johansanchez1,https://www.inaturalist.org/observations/41653787,4,4
41669973,Tue Apr 07 2020 18:29:59 GMT-0500 (CDT),ralavi,https://www.inaturalist.org/observations/41669973,3,3
41679972,2020-04-08 11:15:30 AM GMT+01:00,calum11,https://www.inaturalist.org/observations/41679972,3,3
41692340,2020-04-08 12:20:24 PM EDT,palustris314,https://www.inaturalist.org/observations/41692340,3,3
41702392,Wed Apr 08 2020 11:32:18 GMT-0500 (CDT),elizabethwilson74,https://www.inaturalist.org/observations/41702392,3,3
41709473,Sat Mar 28 2020 16:53:16 GMT-0400 (EDT),ashley_bradford,https://www.inaturalist.org/observations/41709473,3,3
41711707,Sat Mar 28 2020 16:52:52 GMT-0400 (EDT),ashley_bradford,https://www.inaturalist.org/observations/41711707,3,3
41711885,Sat Mar 28 2020 16:52:32 GMT-0400 (EDT),ashley_bradford,https://www.inaturalist.org/observations/41711885,3,3
41712473,Wed Apr 08 2020 15:47:36 GMT-0500 (CDT),jessicazeidan,https://www.inaturalist.org/observations/41712473,3,3
41723428,2020-04-08 6:07:22 PM CDT,rmedina,https://www.inaturalist.org/observations/41723428,3,3
41767042,2020-04-09 11:35:26 AM CDT,rachelgowett,https://www.inaturalist.org/observations/41767042,3,3
41774655,Thu Apr 09 2020 13:34:00 GMT-0500 (CDT),skrentnyjeff,https://www.inaturalist.org/observations/41774655,3,3
41826124,2020/04/08 12:27 AM PDT,dinospine,https://www.inaturalist.org/observations/41826124,4,4
41873405,2020-04-02 12:16:02 PM EDT,emily1075,https://www.inaturalist.org/observations/41873405,3,3
41897647,2020-04-10 4:37:32 PM CDT,kluger,https://www.inaturalist.org/observations/41897647,3,3
41897882,2020/04/02 2:16 PM CEST,martina_poeltl,https://www.inaturalist.org/observations/41897882,2,2
41933065,2020/04/09 5:52 PM EDT,javiehweg,https://www.inaturalist.org/observations/41933065,4,4
41994623,2020/04/11 3:08 PM CEST,grzegorzgrzejszczak,https://www.inaturalist.org/observations/41994623,3,4
42015777,2020-04-12 1:55:55 PM EDT,peakaytea,https://www.inaturalist.org/observations/42015777,3,3
42025753,Sun Apr 12 2020 15:45:16 GMT-0400 (EDT),amylemire,https://www.inaturalist.org/observations/42025753,3,3
42034843,Sun Apr 12 2020 16:13:07 GMT-0400 (EDT),nrpeters,https://www.inaturalist.org/observations/42034843,4,5
42050911,Sun Apr 12 2020 19:16:45 GMT-0500 (CDT),paulabetz,https://www.inaturalist.org/observations/42050911,3,3
42145800,2020/04/11 10:21 AM CDT,wildcarrot,https://www.inaturalist.org/observations/42145800,2,3
42154490,2020-04-14 9:35:10 AM GMT+01:00,calum11,https://www.inaturalist.org/observations/42154490,3,3
42154507,2020-04-14 9:36:21 AM GMT+01:00,calum11,https://www.inaturalist.org/observations/42154507,3,4
42154515,2020-04-14 9:36:38 AM GMT+01:00,calum11,https://www.inaturalist.org/observations/42154515,3,3
42194146,2020-04-14T17:55:08-04:00,whitnilikesbugs,https://www.inaturalist.org/observations/42194146,3,3
42211519,2020/04/14 5:21 PM EDT,birds_bugs_botany,https://www.inaturalist.org/observations/42211519,3,3
42211524,2020/04/14 5:17 PM EDT,birds_bugs_botany,https://www.inaturalist.org/observations/42211524,2,3
42211525,2020/04/14 6:28 PM EDT,birds_bugs_botany,https://www.inaturalist.org/observations/42211525,3,3
42241866,15-04-20 14:50,kbelletire,https://www.inaturalist.org/observations/42241866,3,4
42272474,Wed Apr 15 2020 18:32:41 GMT-0400 (EDT),laurenriley44,https://www.inaturalist.org/observations/42272474,4,4
42282256,2020-04-01 4:44:41 PM CDT,niholcroft,https://www.inaturalist.org/observations/42282256,3,3
42343851,2020/04/14 4:33 PM EDT,srall,https://www.inaturalist.org/observations/42343851,4,4
42344237,2020/04/11 2:36 PM CDT,cdl3050,https://www.inaturalist.org/observations/42344237,3,3
42357847,2020/04/15 5:02 PM EDT,srall,https://www.inaturalist.org/observations/42357847,3,3
42361664,Thu Apr 16 2020 18:23:17 GMT-0400 (EDT),dbarber,https://www.inaturalist.org/observations/42361664,5,5
42361688,Thu Apr 16 2020 18:23:26 GMT-0400 (EDT),dbarber,https://www.inaturalist.org/observations/42361688,3,4
42430605,Fri Apr 17 2020 18:32:22 GMT-0500 (CDT),paulabetz,https://www.inaturalist.org/observations/42430605,3,4
42430616,Fri Apr 17 2020 18:32:44 GMT-0500 (CDT),paulabetz,https://www.inaturalist.org/observations/42430616,3,4
42430799,Fri Apr 17 2020 18:33:09 GMT-0500 (CDT),paulabetz,https://www.inaturalist.org/observations/42430799,3,4
42430905,Fri Apr 17 2020 18:36:53 GMT-0500 (CDT),paulabetz,https://www.inaturalist.org/observations/42430905,3,4
42431322,Fri Apr 17 2020 18:40:16 GMT-0500 (CDT),paulabetz,https://www.inaturalist.org/observations/42431322,4,4
42431691,Fri Apr 17 2020 18:47:33 GMT-0500 (CDT),paulabetz,https://www.inaturalist.org/observations/42431691,3,4
42470211,2020-04-18 9:37:00 AM EDT,ericejohn,https://www.inaturalist.org/observations/42470211,4,4
42510300,Sat Apr 18 2020 16:59:59 GMT-0400 (EDT),karolina,https://www.inaturalist.org/observations/42510300,3,3
42533952,2020-04-18 9:36:32 PM EDT,stephenborghardt,https://www.inaturalist.org/observations/42533952,3,4
42576094,2020/04/19 4:28 PM EEST,zygisva,https://www.inaturalist.org/observations/42576094,3,3
42580614,Sun Apr 19 2020 12:32:14 GMT-0400 (EDT),lolomuscio,https://www.inaturalist.org/observations/42580614,3,4
42600524,Sun Apr 19 2020 15:35:29 GMT-0400 (EDT),eehinger,https://www.inaturalist.org/observations/42600524,3,3
42602847,Sun Apr 19 2020 16:00:46 GMT-0400 (EDT),buzzkat4,https://www.inaturalist.org/observations/42602847,3,3
42676478,2020-04-20 12:22:22 PM EDT,ericejohn,https://www.inaturalist.org/observations/42676478,3,3
42760744,2020/04/20 12:53 PM CDT,k2018lena,https://www.inaturalist.org/observations/42760744,3,3
42764632,Sun Apr 19 2020 17:45:40 GMT-0500 (CDT),kcuffey,https://www.inaturalist.org/observations/42764632,3,3
42790018,2020/04/19 5:32 PM EDT,javiehweg,https://www.inaturalist.org/observations/42790018,4,4
42792917,Tue Apr 21 2020 16:52:00 GMT-0500 (CDT),joelmc,https://www.inaturalist.org/observations/42792917,3,3
42793152,2020-04-21 5:56:28 PM EDT,jennifer1690,https://www.inaturalist.org/observations/42793152,3,3
42822668,Sat Mar 14 2020 13:50:18 GMT-0500 (CDT),jordannhenke,https://www.inaturalist.org/observations/42822668,3,5
42834673,2020-04-21 10:32:40 AM CDT,joehinds,https://www.inaturalist.org/observations/42834673,3,3
42855102,Wed Apr 22 2020 12:02:31 GMT-0400 (EDT),kdfavron,https://www.inaturalist.org/observations/42855102,3,3
42876079,2020-04-22 3:00:18 PM EDT,daniel1810,https://www.inaturalist.org/observations/42876079,3,3
42894515,Wed Apr 22 2020 16:40:11 GMT-0500 (CDT),kbwachel,https://www.inaturalist.org/observations/42894515,3,3
42898251,Wed Apr 22 2020 17:10:27 GMT-0500 (CDT),jordaneatsbugs,https://www.inaturalist.org/observations/42898251,5,5
42969164,Tue Apr 21 2020 14:58:36 GMT-0400 (EDT),hburnette114,https://www.inaturalist.org/observations/42969164,5,5
42996320,2020/04/23 9:30 AM EDT,botanicus,https://www.inaturalist.org/observations/42996320,2,3
43000075,Thu Apr 23 2020 18:28:49 GMT-0400 (EDT),slemmons04,https://www.inaturalist.org/observations/43000075,3,3
43000262,2020/04/07 1:54 PM UTC,rachelgowett,https://www.inaturalist.org/observations/43000262,3,3
43000263,2020/04/07 1:54 PM UTC,rachelgowett,https://www.inaturalist.org/observations/43000263,3,3
43005761,Thu Apr 23 2020 18:29:39 GMT-0500 (CDT),paulabetz,https://www.inaturalist.org/observations/43005761,4,5
43006661,Thu Apr 23 2020 18:40:07 GMT-0500 (CDT),paulabetz,https://www.inaturalist.org/observations/43006661,4,5
43009183,2020-04-23 7:53:50 PM EDT,cladonia_chris,https://www.inaturalist.org/observations/43009183,3,3
43106828,Fri Apr 24 2020 09:55:09 GMT-0500 (CDT),megw1326,https://www.inaturalist.org/observations/43106828,3,3
43108057,2020-04-23 8:46:48 AM CDT,joehinds,https://www.inaturalist.org/observations/43108057,3,3
43108661,2020-04-23 9:14:58 AM CDT,joehinds,https://www.inaturalist.org/observations/43108661,3,3
43127322,2020-04-24 12:06:47 PM CDT,k2018lena,https://www.inaturalist.org/observations/43127322,3,3
43135108,Fri Apr 24 2020 13:22:46 GMT-0500 (CDT),hessejmb,https://www.inaturalist.org/observations/43135108,2,2
43135844,Fri Apr 24 2020 14:07:52 GMT-0400 (EDT),evelynmorton,https://www.inaturalist.org/observations/43135844,2,3
43155922,2020/04/24 3:09 PM UTC,k-bach,https://www.inaturalist.org/observations/43155922,3,3
43177440,Fri Apr 24 2020 17:20:26 GMT-0400 (EDT),tkirk304,https://www.inaturalist.org/observations/43177440,4,4
43192157,Fri Apr 24 2020 16:50:02 GMT-0500 (CDT),ccnjjfam,https://www.inaturalist.org/observations/43192157,4,4
43200966,Fri Apr 24 2020 19:01:02 GMT-0400 (EDT),zachslimak,https://www.inaturalist.org/observations/43200966,4,4
43219214,Fri Apr 24 2020 10:09:54 GMT-0400 (EDT),ashley_bradford,https://www.inaturalist.org/observations/43219214,4,4
43219507,Fri Apr 24 2020 10:10:16 GMT-0400 (EDT),ashley_bradford,https://www.inaturalist.org/observations/43219507,3,3
43280726,2020/04/24 11:34 AM CEST,martina_poeltl,https://www.inaturalist.org/observations/43280726,3,3
43320188,Sat Apr 25 2020 10:52:05 GMT-0300 (ADT),tomneily,https://www.inaturalist.org/observations/43320188,3,3
43337930,2020/04/24 6:42 PM CDT,k2018lena,https://www.inaturalist.org/observations/43337930,3,3
43368327,Sat Apr 25 2020 11:52:21 GMT-0500 (CDT),paulabetz,https://www.inaturalist.org/observations/43368327,4,4
43372047,2020-04-25 11:39:40 AM EDT,scadwell,https://www.inaturalist.org/observations/43372047,4,5
43384294,2020-04-25 1:43:24 PM EDT,atheenbean,https://www.inaturalist.org/observations/43384294,3,4
43399838,Sat Apr 25 2020 14:31:01 GMT-0400 (EDT),alexwbwhite,https://www.inaturalist.org/observations/43399838,2,3
43411142,2020/04/23 9:42 AM CDT,psweet,https://www.inaturalist.org/observations/43411142,3,3
43411883,Sat Apr 25 2020 15:09:18 GMT-0400 (EDT),aneliaras,https://www.inaturalist.org/observations/43411883,4,5
43439152,2020-04-25 4:37:52 PM EDT,ebaitchman,https://www.inaturalist.org/observations/43439152,3,3
43448166,Sat Apr 25 2020 17:06:57 GMT-0400 (EDT),ty-sharrow,https://www.inaturalist.org/observations/43448166,3,3
43461189,Sat Apr 25 2020 17:52:47 GMT-0400 (EDT),shepardma,https://www.inaturalist.org/observations/43461189,3,3
43484739,2020-04-25T19:24:15-04:00,timlbecker,https://www.inaturalist.org/observations/43484739,4,4
43491318,2020-04-25 4:42:42 PM EDT,cladonia_chris,https://www.inaturalist.org/observations/43491318,3,3
43492993,2020/04/25 3:33 PM CDT,meganhanson,https://www.inaturalist.org/observations/43492993,2,3
43594367,Thu Apr 23 2020 07:53:35 GMT-0400 (EDT),johngarrett,https://www.inaturalist.org/observations/43594367,3,3
43636966,Sun Apr 26 2020 10:29:30 GMT-0500 (CDT),skrentnyjeff,https://www.inaturalist.org/observations/43636966,4,4
43655714,2020-04-23 1:18:55 PM CDT,arianaraya,https://www.inaturalist.org/observations/43655714,3,3
43696202,2020-04-26 8:08:40 AM CDT,mccrea,https://www.inaturalist.org/observations/43696202,3,4
43707599,Sun Apr 26 2020 14:41:52 GMT-0500 (CDT),pattym101,https://www.inaturalist.org/observations/43707599,3,3
43732173,2020/04/26 3:09 PM HST,jennifer_clifford,https://www.inaturalist.org/observations/43732173,4,4
43734990,Fri Apr 24 2020 14:41:15 GMT-0500 (CDT),theroachs,https://www.inaturalist.org/observations/43734990,3,3
43737808,2020/04/26 1:37 PM UTC,rachelgowett,https://www.inaturalist.org/observations/43737808,3,4
43737810,2020/04/26 1:37 PM UTC,rachelgowett,https://www.inaturalist.org/observations/43737810,3,3
43737812,2020/04/26 1:38 PM UTC,rachelgowett,https://www.inaturalist.org/observations/43737812,3,3
43737832,2020/04/26 1:49 PM UTC,rachelgowett,https://www.inaturalist.org/observations/43737832,3,4
43737833,2020/04/26 1:39 PM UTC,rachelgowett,https://www.inaturalist.org/observations/43737833,3,3
43737836,2020/04/26 1:50 PM UTC,rachelgowett,https://www.inaturalist.org/observations/43737836,3,4
43737857,2020/04/07 2:40 PM UTC,rachelgowett,https://www.inaturalist.org/observations/43737857,3,3
43741933,2020-04-26 4:39:15 PM CDT,habibrehman,https://www.inaturalist.org/observations/43741933,3,3
43742456,Sun Apr 26 2020 17:28:16 GMT-0400 (EDT),wildcarrot,https://www.inaturalist.org/observations/43742456,3,3
43752695,Sun Apr 26 2020 18:18:11 GMT-0400 (EDT),elliotgreiner,https://www.inaturalist.org/observations/43752695,3,3
43754070,Sun Apr 26 2020 18:23:29 GMT-0400 (EDT),elliotgreiner,https://www.inaturalist.org/observations/43754070,3,3
43761990,Sun Apr 26 2020 17:52:41 GMT-0500 (CDT),paulabetz,https://www.inaturalist.org/observations/43761990,3,3
43815121,2020/04/26 4:01 PM CST,hjhill,https://www.inaturalist.org/observations/43815121,3,3
43903915,2020-04-27 9:39:32 AM CDT,rmedina,https://www.inaturalist.org/observations/43903915,3,3
43904035,2020-04-27 9:46:48 AM CDT,rmedina,https://www.inaturalist.org/observations/43904035,3,3
43904085,2020-04-27 9:52:25 AM CDT,rmedina,https://www.inaturalist.org/observations/43904085,4,4
43908034,Sat Apr 25 2020 14:41:11 GMT-0400 (EDT),mikus,https://www.inaturalist.org/observations/43908034,3,4
43938267,2020/04/27 12:38 PM EDT,jabrams_foc,https://www.inaturalist.org/observations/43938267,4,4
43957840,Mon Apr 27 2020 14:59:35 GMT-0400 (EDT),hwcbkwlqn_w,https://www.inaturalist.org/observations/43957840,3,3
43964881,Mon Apr 27 2020 15:19:57 GMT-0400 (EDT),ty-sharrow,https://www.inaturalist.org/observations/43964881,3,4
43976353,2020/04/27 2:39 PM EDT,mattnusstein,https://www.inaturalist.org/observations/43976353,3,3
43978259,2020/04/25 10:02 AM CDT,psweet,https://www.inaturalist.org/observations/43978259,2,3
44022563,Mon Apr 27 2020 19:14:12 GMT-0400 (EDT),shegaonkar1napls,https://www.inaturalist.org/observations/44022563,3,3
44047176,Mon Apr 27 2020 19:05:39 GMT-0500 (CDT),hollyhansen24,https://www.inaturalist.org/observations/44047176,3,3
44089461,2020/04/27 6:30 PM CDT,paulabetz,https://www.inaturalist.org/observations/44089461,3,3
44160091,Tue Apr 28 2020 14:19:15 GMT-0400 (EDT),thekindigs,https://www.inaturalist.org/observations/44160091,3,3
44160138,Tue Apr 28 2020 14:25:19 GMT-0400 (EDT),emilymatcham,https://www.inaturalist.org/observations/44160138,4,4
44173347,Mon Apr 27 2020 12:08:08 GMT-0400 (EDT),caitlink,https://www.inaturalist.org/observations/44173347,3,3
44174308,Tue Apr 28 2020 16:52:05 GMT-0400 (EDT),christian64,https://www.inaturalist.org/observations/44174308,4,4
44191836,2020-04-28 6:15:06 PM CDT,kennyesh,https://www.inaturalist.org/observations/44191836,2,3
44204318,Tue Apr 28 2020 18:48:31 GMT-0500 (CDT),heiler1,https://www.inaturalist.org/observations/44204318,3,5
44213113,2020-04-28 4:23:34 PM EDT,noelwi,https://www.inaturalist.org/observations/44213113,4,4
44245486,2020-04-29 8:42:02 AM EDT,jonimiller1,https://www.inaturalist.org/observations/44245486,5,5
44270227,Wed Apr 29 2020 13:06:52 GMT-0400 (EDT),hellosamira,https://www.inaturalist.org/observations/44270227,2,3
